insert into cliente (id, nif, nombre, apellidos, direccion, ciudad, telefono) values (1, '77808495U', 'Allison Carn', 'Perez', '88 Knutson Pass', 'Miribel', '614479080');
insert into cliente (id, nif, nombre, apellidos, direccion, ciudad, telefono) values (2, '12260550F', 'Hamnet Gossop','Juarez', '7 Banding Road', 'Cijapar', '699914814');
insert into cliente (id, nif, nombre, apellidos, direccion, ciudad, telefono) values (3, '73858396J', 'Jeremy Wafer', 'Grimes', '4 Lunder Hill', 'Garbów', '684515884');
insert into cliente (id, nif, nombre, apellidos, direccion, ciudad, telefono) values (4, '90436293L', 'Regine Dye', 'Carl', '27 Blue Bill Park Junction', 'Ipoh', '613184581');
insert into cliente (id, nif, nombre, apellidos, direccion, ciudad, telefono) values (5, '48034514U', 'Deanne Bowkley', 'Anderson', '6722 Sullivan Street', 'Kankan', '664113953');


insert into coche (matricula, marca, modelo, color, precio, cliente_id) values ('9074-ERP', 'Toyota', 'Corolla', 'Purple', 1532.75, 1);
insert into coche (matricula, marca, modelo, color, precio, cliente_id) values ('4010-SKM', 'Hummer', 'H3', 'Orange', 2295.65, 1);
insert into coche (matricula, marca, modelo, color, precio, cliente_id) values ('8517-HZX', 'Subaru', 'SVX', 'Green', 1955.36, 1);
insert into coche (matricula, marca, modelo, color, precio, cliente_id) values ('0817-BFB', 'Cadillac', 'Escalade EXT', 'Maroon', 2023.58,2);
insert into coche (matricula, marca, modelo, color, precio, cliente_id) values ('1020-LFA', 'Mazda', '626', 'Teal', 7331.02,2);
insert into coche (matricula, marca, modelo, color, precio, cliente_id) values ('9104-HID', 'Chevrolet', 'APV', 'Maroon', 2955.34, 3);
insert into coche (matricula, marca, modelo, color, precio, cliente_id) values ('4582-KHQ', 'Austin', 'Mini Cooper S', 'Red', 6502.59, 4);
insert into coche (matricula, marca, modelo, color, precio, cliente_id) values ('7093-NGI', 'Chrysler', 'Sebring', 'Fuscia', 7258.79,4);
insert into coche (matricula, marca, modelo, color, precio, cliente_id) values ('4889-EEC', 'Volvo', 'C70', 'Puce', 5355.24,4);
insert into coche (matricula, marca, modelo, color, precio, cliente_id) values ('6031-OJP', 'Hyundai', 'Santa Fe', 'Khaki', 3762.69, 5);


insert into revision (codigo, cambio_filtro, cambio_aceite, id_coche) values ('6avOPn3', 0, 1, '9074-ERP');
insert into revision (codigo, cambio_filtro, cambio_aceite, id_coche) values ('YCOS0ZP', 1, 1, '9074-ERP');
insert into revision (codigo, cambio_filtro, cambio_aceite, id_coche) values ('tUokvRN', 1, 1, '9074-ERP');
insert into revision (codigo, cambio_filtro, cambio_aceite, id_coche) values ('1GoiGjf', 1, 1, '9074-ERP');
insert into revision (codigo, cambio_filtro, cambio_aceite, id_coche) values ('QulFoa1', 1, 0, '9074-ERP');
insert into revision (codigo, cambio_filtro, cambio_aceite, id_coche) values ('ZT3PSqf', 0, 1, '9074-ERP');
insert into revision (codigo, cambio_filtro, cambio_aceite, id_coche) values ('atJwKEY', 1, 0, '9074-ERP');
insert into revision (codigo, cambio_filtro, cambio_aceite, id_coche) values ('nm3pLnm', 1, 1, '9074-ERP');
insert into revision (codigo, cambio_filtro, cambio_aceite, id_coche) values ('BKBFgUu', 0, 1, '4010-SKM');
insert into revision (codigo, cambio_filtro, cambio_aceite, id_coche) values ('LHXrp20', 1, 1, '4010-SKM');
insert into revision (codigo, cambio_filtro, cambio_aceite, id_coche) values ('J6npEwj', 0, 1, '4010-SKM');
insert into revision (codigo, cambio_filtro, cambio_aceite, id_coche) values ('gZTL3v9', 1, 0, '4010-SKM');
insert into revision (codigo, cambio_filtro, cambio_aceite, id_coche) values ('me3FlDF', 1, 1, '4010-SKM');
insert into revision (codigo, cambio_filtro, cambio_aceite, id_coche) values ('2bNOgMd', 1, 1, '4010-SKM');
insert into revision (codigo, cambio_filtro, cambio_aceite, id_coche) values ('WwO5Enl', 0, 0, '4010-SKM');
insert into revision (codigo, cambio_filtro, cambio_aceite, id_coche) values ('zjYUpbf', 1, 0, '4010-SKM');
insert into revision (codigo, cambio_filtro, cambio_aceite, id_coche) values ('G9qit4H', 1, 1, '4010-SKM');
insert into revision (codigo, cambio_filtro, cambio_aceite, id_coche) values ('KEtAmz8', 0, 0, '4010-SKM');
insert into revision (codigo, cambio_filtro, cambio_aceite, id_coche) values ('Vg2SnVa', 0, 0, '4010-SKM');
insert into revision (codigo, cambio_filtro, cambio_aceite, id_coche) values ('eCcMNdw', 1, 1, '4010-SKM');
insert into revision (codigo, cambio_filtro, cambio_aceite, id_coche) values ('sQv87rl', 0, 1, '4010-SKM');
insert into revision (codigo, cambio_filtro, cambio_aceite, id_coche) values ('21PMQbI', 0, 0, '4010-SKM');
insert into revision (codigo, cambio_filtro, cambio_aceite, id_coche) values ('xJlZONK', 1, 1, '4010-SKM');
insert into revision (codigo, cambio_filtro, cambio_aceite, id_coche) values ('2xXWI4D', 0, 1, '8517-HZX');
insert into revision (codigo, cambio_filtro, cambio_aceite, id_coche) values ('UyaEj1Z', 1, 1, '8517-HZX');
insert into revision (codigo, cambio_filtro, cambio_aceite, id_coche) values ('JvgDFuP', 0, 1, '8517-HZX');
insert into revision (codigo, cambio_filtro, cambio_aceite, id_coche) values ('b5DCK0v', 0, 0, '8517-HZX');
insert into revision (codigo, cambio_filtro, cambio_aceite, id_coche) values ('XEN0Wvk', 1, 0, '8517-HZX');
insert into revision (codigo, cambio_filtro, cambio_aceite, id_coche) values ('zRsGM3x', 1, 0, '8517-HZX');
insert into revision (codigo, cambio_filtro, cambio_aceite, id_coche) values ('gTCXCaL', 1, 0, '8517-HZX');
insert into revision (codigo, cambio_filtro, cambio_aceite, id_coche) values ('SHbnEQ7', 1, 0, '8517-HZX');
insert into revision (codigo, cambio_filtro, cambio_aceite, id_coche) values ('WL0IuNQ', 0, 0, '8517-HZX');
insert into revision (codigo, cambio_filtro, cambio_aceite, id_coche) values ('P1r3dYf', 1, 1, '8517-HZX');
insert into revision (codigo, cambio_filtro, cambio_aceite, id_coche) values ('ttoOylL', 0, 0, '8517-HZX');
insert into revision (codigo, cambio_filtro, cambio_aceite, id_coche) values ('B49uYCF', 0, 0, '8517-HZX');
insert into revision (codigo, cambio_filtro, cambio_aceite, id_coche) values ('7e4YAzR', 0, 1, '8517-HZX');
insert into revision (codigo, cambio_filtro, cambio_aceite, id_coche) values ('df10nCK', 0, 1, '8517-HZX');
insert into revision (codigo, cambio_filtro, cambio_aceite, id_coche) values ('4Y0Lpwz', 1, 0, '8517-HZX');
insert into revision (codigo, cambio_filtro, cambio_aceite, id_coche) values ('2GxPt3F', 1, 1, '8517-HZX');
insert into revision (codigo, cambio_filtro, cambio_aceite, id_coche) values ('6DGQnug', 0, 1, '8517-HZX');
insert into revision (codigo, cambio_filtro, cambio_aceite, id_coche) values ('AKlDB6l', 1, 0, '8517-HZX');
insert into revision (codigo, cambio_filtro, cambio_aceite, id_coche) values ('baQHzbC', 0, 0, '0817-BFB');
insert into revision (codigo, cambio_filtro, cambio_aceite, id_coche) values ('rrIECda', 0, 0, '0817-BFB');
insert into revision (codigo, cambio_filtro, cambio_aceite, id_coche) values ('S9Nbu8a', 1, 1, '0817-BFB');
insert into revision (codigo, cambio_filtro, cambio_aceite, id_coche) values ('78a5wCp', 0, 1, '0817-BFB');
insert into revision (codigo, cambio_filtro, cambio_aceite, id_coche) values ('dd2xoOH', 0, 1, '0817-BFB');
insert into revision (codigo, cambio_filtro, cambio_aceite, id_coche) values ('iXn3q7Y', 0, 1, '0817-BFB');
insert into revision (codigo, cambio_filtro, cambio_aceite, id_coche) values ('mpf7zNb', 1, 0, '0817-BFB');
insert into revision (codigo, cambio_filtro, cambio_aceite, id_coche) values ('fGgqIQW', 0, 0, '0817-BFB');
insert into revision (codigo, cambio_filtro, cambio_aceite, id_coche) values ('UrAMEe8', 0, 1, '0817-BFB');
insert into revision (codigo, cambio_filtro, cambio_aceite, id_coche) values ('yVKukRm', 0, 0, '0817-BFB');
insert into revision (codigo, cambio_filtro, cambio_aceite, id_coche) values ('kW1TL0J', 1, 0, '1020-LFA');
insert into revision (codigo, cambio_filtro, cambio_aceite, id_coche) values ('1gt4ufR', 0, 1, '1020-LFA');
insert into revision (codigo, cambio_filtro, cambio_aceite, id_coche) values ('MVu8U4u', 0, 1, '1020-LFA');
insert into revision (codigo, cambio_filtro, cambio_aceite, id_coche) values ('y2DBkad', 1, 1, '1020-LFA');
insert into revision (codigo, cambio_filtro, cambio_aceite, id_coche) values ('61UpbDm', 1, 0, '1020-LFA');
insert into revision (codigo, cambio_filtro, cambio_aceite, id_coche) values ('sQvzInu', 0, 0, '1020-LFA');
insert into revision (codigo, cambio_filtro, cambio_aceite, id_coche) values ('eoAoE1w', 1, 1, '1020-LFA');
insert into revision (codigo, cambio_filtro, cambio_aceite, id_coche) values ('O7AYNdz', 1, 1, '1020-LFA');
insert into revision (codigo, cambio_filtro, cambio_aceite, id_coche) values ('t0UIwkd', 0, 1, '1020-LFA');
insert into revision (codigo, cambio_filtro, cambio_aceite, id_coche) values ('8FXuAAG', 1, 1, '9104-HID');
insert into revision (codigo, cambio_filtro, cambio_aceite, id_coche) values ('keRcb9O', 0, 0, '9104-HID');
insert into revision (codigo, cambio_filtro, cambio_aceite, id_coche) values ('AEOWk4M', 1, 1, '9104-HID');
insert into revision (codigo, cambio_filtro, cambio_aceite, id_coche) values ('gkcpTVI', 0, 1, '9104-HID');
insert into revision (codigo, cambio_filtro, cambio_aceite, id_coche) values ('GWZsEZA', 1, 0, '9104-HID');

insert into revision (codigo, cambio_filtro, cambio_aceite, id_coche) values ('elgZmHf', 0, 1, '4582-KHQ');
insert into revision (codigo, cambio_filtro, cambio_aceite, id_coche) values ('YxIdm1f', 0, 0, '4582-KHQ');
insert into revision (codigo, cambio_filtro, cambio_aceite, id_coche) values ('KmvaUut', 1, 0, '4582-KHQ');
insert into revision (codigo, cambio_filtro, cambio_aceite, id_coche) values ('wSRvqO2', 0, 1, '4582-KHQ');
insert into revision (codigo, cambio_filtro, cambio_aceite, id_coche) values ('7FYuSDn', 0, 0, '4582-KHQ');
insert into revision (codigo, cambio_filtro, cambio_aceite, id_coche) values ('ywhj59b', 1, 1, '4582-KHQ');
insert into revision (codigo, cambio_filtro, cambio_aceite, id_coche) values ('VPnvSAd', 0, 1, '4582-KHQ');
insert into revision (codigo, cambio_filtro, cambio_aceite, id_coche) values ('6OCl2HK', 0, 1, '4582-KHQ');
insert into revision (codigo, cambio_filtro, cambio_aceite, id_coche) values ('gJ0LtDj', 0, 0, '4582-KHQ');
insert into revision (codigo, cambio_filtro, cambio_aceite, id_coche) values ('BrAynb0', 1, 1, '4582-KHQ');
insert into revision (codigo, cambio_filtro, cambio_aceite, id_coche) values ('uGm2LQJ', 0, 1, '4582-KHQ');
insert into revision (codigo, cambio_filtro, cambio_aceite, id_coche) values ('vSwhiRR', 1, 0, '4582-KHQ');
insert into revision (codigo, cambio_filtro, cambio_aceite, id_coche) values ('2pR9Ad2', 0, 1, '4582-KHQ');
insert into revision (codigo, cambio_filtro, cambio_aceite, id_coche) values ('sHximrO', 1, 1, '4582-KHQ');
insert into revision (codigo, cambio_filtro, cambio_aceite, id_coche) values ('fHq43ba', 1, 0, '4582-KHQ');
insert into revision (codigo, cambio_filtro, cambio_aceite, id_coche) values ('20C886R', 0, 0, '4582-KHQ');
insert into revision (codigo, cambio_filtro, cambio_aceite, id_coche) values ('PFvVUWS', 1, 0, '4582-KHQ');
insert into revision (codigo, cambio_filtro, cambio_aceite, id_coche) values ('fmnBVU3', 0, 0, '4582-KHQ');
insert into revision (codigo, cambio_filtro, cambio_aceite, id_coche) values ('LKb9u1x', 1, 0, '7093-NGI');
insert into revision (codigo, cambio_filtro, cambio_aceite, id_coche) values ('SnbRxTE', 1, 0, '7093-NGI');
insert into revision (codigo, cambio_filtro, cambio_aceite, id_coche) values ('jeR2gz0', 1, 1, '7093-NGI');
insert into revision (codigo, cambio_filtro, cambio_aceite, id_coche) values ('NlS3GRS', 0, 1, '7093-NGI');
insert into revision (codigo, cambio_filtro, cambio_aceite, id_coche) values ('YypG2hI', 0, 0, '7093-NGI');
insert into revision (codigo, cambio_filtro, cambio_aceite, id_coche) values ('wzXrbKB', 0, 1, '4889-EEC');
insert into revision (codigo, cambio_filtro, cambio_aceite, id_coche) values ('W60K5ew', 1, 0, '4889-EEC');
insert into revision (codigo, cambio_filtro, cambio_aceite, id_coche) values ('Plc95AA', 0, 0, '4889-EEC');
insert into revision (codigo, cambio_filtro, cambio_aceite, id_coche) values ('gXXuO7B', 1, 1, '4889-EEC');
insert into revision (codigo, cambio_filtro, cambio_aceite, id_coche) values ('r2FVG9J', 0, 0, '4889-EEC');
insert into revision (codigo, cambio_filtro, cambio_aceite, id_coche) values ('pbb8oJS', 0, 0, '4889-EEC');
insert into revision (codigo, cambio_filtro, cambio_aceite, id_coche) values ('tH6NUd7', 1, 1, '4889-EEC');
insert into revision (codigo, cambio_filtro, cambio_aceite, id_coche) values ('f1Th9si', 1, 1, '4889-EEC');
insert into revision (codigo, cambio_filtro, cambio_aceite, id_coche) values ('FxUiqI2', 0, 0, '4889-EEC');

insert into revision (codigo, cambio_filtro, cambio_aceite, id_coche) values ('xokKAuG', 0, 1, '6031-OJP');
insert into revision (codigo, cambio_filtro, cambio_aceite, id_coche) values ('hfDtZtJ', 1, 0, '6031-OJP');
insert into revision (codigo, cambio_filtro, cambio_aceite, id_coche) values ('7aSFTL9', 0, 0, '6031-OJP');
insert into revision (codigo, cambio_filtro, cambio_aceite, id_coche) values ('8iSh4XD', 0, 0, '6031-OJP');
insert into revision (codigo, cambio_filtro, cambio_aceite, id_coche) values ('zRez8UR', 0, 1, '6031-OJP');
insert into revision (codigo, cambio_filtro, cambio_aceite, id_coche) values ('x8moZHv', 1, 1, '6031-OJP');
insert into revision (codigo, cambio_filtro, cambio_aceite, id_coche) values ('gqM4bRA', 1, 1, '6031-OJP');
insert into revision (codigo, cambio_filtro, cambio_aceite, id_coche) values ('sK2z0Zr', 0, 0, '6031-OJP');
insert into revision (codigo, cambio_filtro, cambio_aceite, id_coche) values ('7RXgDmC', 1, 0, '6031-OJP');
insert into revision (codigo, cambio_filtro, cambio_aceite, id_coche) values ('1wNrUOr', 0, 1, '6031-OJP');
insert into revision (codigo, cambio_filtro, cambio_aceite, id_coche) values ('VreFW8E', 1, 0, '6031-OJP');
insert into revision (codigo, cambio_filtro, cambio_aceite, id_coche) values ('HYzJpV9', 1, 1, '6031-OJP');
insert into revision (codigo, cambio_filtro, cambio_aceite, id_coche) values ('HkpFXyt', 1, 0, '6031-OJP');
insert into revision (codigo, cambio_filtro, cambio_aceite, id_coche) values ('tlGfVR5', 1, 0, '6031-OJP');
insert into revision (codigo, cambio_filtro, cambio_aceite, id_coche) values ('BiKGvlr', 0, 0, '6031-OJP');
insert into revision (codigo, cambio_filtro, cambio_aceite, id_coche) values ('4A4aQSW', 0, 0, '6031-OJP');
insert into revision (codigo, cambio_filtro, cambio_aceite, id_coche) values ('YwfBdZw', 1, 0, '6031-OJP');
insert into revision (codigo, cambio_filtro, cambio_aceite, id_coche) values ('GbkS9B4', 1, 0, '6031-OJP');
insert into revision (codigo, cambio_filtro, cambio_aceite, id_coche) values ('Kp4gVa5', 1, 1, '6031-OJP');
insert into revision (codigo, cambio_filtro, cambio_aceite, id_coche) values ('CZFUgb4', 1, 0, '6031-OJP');
insert into revision (codigo, cambio_filtro, cambio_aceite, id_coche) values ('AoxZ9k1', 0, 0, '6031-OJP');
insert into revision (codigo, cambio_filtro, cambio_aceite, id_coche) values ('5ZJJL7g', 1, 0, '6031-OJP');
insert into revision (codigo, cambio_filtro, cambio_aceite, id_coche) values ('3ZcH9O7', 1, 0, '6031-OJP');
insert into revision (codigo, cambio_filtro, cambio_aceite, id_coche) values ('iWJlEsn', 1, 1, '6031-OJP');
insert into revision (codigo, cambio_filtro, cambio_aceite, id_coche) values ('ryWE2T8', 0, 1, '6031-OJP');
insert into revision (codigo, cambio_filtro, cambio_aceite, id_coche) values ('wghiucC', 0, 1, '6031-OJP');
insert into revision (codigo, cambio_filtro, cambio_aceite, id_coche) values ('yKJ2pTh', 1, 1, '6031-OJP');
insert into revision (codigo, cambio_filtro, cambio_aceite, id_coche) values ('nnVxp5F', 1, 1, '6031-OJP');
insert into revision (codigo, cambio_filtro, cambio_aceite, id_coche) values ('tpff4Tg', 0, 1, '6031-OJP');
insert into revision (codigo, cambio_filtro, cambio_aceite, id_coche) values ('p31vAf3', 1, 1, '6031-OJP');
insert into revision (codigo, cambio_filtro, cambio_aceite, id_coche) values ('Fyh9iMy', 0, 0, '6031-OJP');
insert into revision (codigo, cambio_filtro, cambio_aceite, id_coche) values ('ZBIsuBM', 1, 1, '6031-OJP');